{"cameraMode":{"drawMode":0,"name":"Shaded","section":"Shading Mode"},"sceneLighting":true,"audioPlay":false,"sceneViewState":{"showFog":true,"showMaterialUpdate":false,"showSkybox":false,"showFlares":true,"showImageEffects":true,"showParticleSystems":true},"in2DMode":false,"pivot":{"x":-2.7186827659606935,"y":0.0942501574754715,"z":-1.12887704372406},"rotation":{"x":0.017008034512400628,"y":0.9772208333015442,"z":-0.1936192810535431,"w":0.08587184548377991},"size":1.6503262519836426,"orthographic":false}